{"resourceType":"CodeSystem","id":"us-core-documentreference-category","text":{"status":"generated","div":"<div xmlns=\"http://www.w3.org/1999/xhtml\"><p class=\"res-header-id\"><b>Generated Narrative: CodeSystem us-core-documentreference-category</b></p><a name=\"us-core-documentreference-category\"> </a><a name=\"hcus-core-documentreference-category\"> </a><a name=\"us-core-documentreference-category-en-US\"> </a><p>This case-sensitive code system <code>http://hl7.org/fhir/us/core/CodeSystem/us-core-documentreference-category</code> defines the following code:</p><table class=\"codes\"><tr><td style=\"white-space:nowrap\"><b>Code</b></td><td><b>Display</b></td><td><b>Definition</b></td></tr><tr><td style=\"white-space:nowrap\">clinical-note<a name=\"us-core-documentreference-category-clinical-note\"> </a></td><td>Clinical Note</td><td><div><p>Part of health record where healthcare professionals record details to document a patient's clinical status or achievements during the course of a hospitalization or over the course of outpatient care (<a href=\"https://en.wikipedia.org/wiki/Progress_note\">Wikipedia</a>)</p>\n</div></td></tr></table></div>"},"extension":[{"url":"http://hl7.org/fhir/StructureDefinition/structuredefinition-wg","valueCode":"cgp"},{"url":"http://hl7.org/fhir/StructureDefinition/structuredefinition-standards-status","valueCode":"trial-use","_valueCode":{"extension":[{"url":"http://hl7.org/fhir/StructureDefinition/structuredefinition-conformance-derivedFrom","valueCanonical":"http://hl7.org/fhir/us/core/ImplementationGuide/hl7.fhir.us.core"}]}}],"url":"http://hl7.org/fhir/us/core/CodeSystem/us-core-documentreference-category","identifier":[{"system":"urn:ietf:rfc:3986","value":"urn:oid:2.16.840.1.113883.4.642.40.2.16.4"}],"version":"8.0.0","name":"USCoreDocumentReferencesCategoryCodes","title":"US Core DocumentReferences Category Codes","status":"active","experimental":false,"date":"2019-05-21","publisher":"HL7 International / Cross-Group Projects","contact":[{"name":"HL7 International / Cross-Group Projects","telecom":[{"system":"url","value":"http://www.hl7.org/Special/committees/cgp"},{"system":"email","value":"cgp@lists.HL7.org"}]}],"description":"The US Core DocumentReferences Type Code System is a 'starter set' of categories supported for fetching and storing DocumentReference Resources.","jurisdiction":[{"coding":[{"system":"urn:iso:std:iso:3166","code":"US"}]}],"copyright":"Used by permission of HL7 International, all rights reserved Creative Commons License","caseSensitive":true,"valueSet":"http://hl7.org/fhir/us/core/ValueSet/us-core-documentreference-category","content":"complete","count":1,"concept":[{"code":"clinical-note","display":"Clinical Note","definition":"Part of health record where healthcare professionals record details to document a patient's clinical status or achievements during the course of a hospitalization or over the course of outpatient care ([Wikipedia](https://en.wikipedia.org/wiki/Progress_note))","designation":[{"use":{"system":"http://terminology.hl7.org/CodeSystem/designation-usage","code":"display"},"value":"Clinical Note"}]}]}