{"resourceType":"ValueSet","id":"us-core-servicerequest-category","text":{"status":"generated","div":"<div xmlns=\"http://www.w3.org/1999/xhtml\"><p class=\"res-header-id\"><b>Generated Narrative: ValueSet us-core-servicerequest-category</b></p><a name=\"us-core-servicerequest-category\"> </a><a name=\"hcus-core-servicerequest-category\"> </a><a name=\"us-core-servicerequest-category-en-US\"> </a><p>This value set includes codes based on the following rules:</p><ul><li>Include all codes defined in <a href=\"CodeSystem-us-core-category.html\"><code>http://hl7.org/fhir/us/core/CodeSystem/us-core-category</code></a></li><li>Include these codes as defined in <a href=\"http://www.snomed.org/\"><code>http://snomed.info/sct</code></a><table class=\"none\"><tr><td style=\"white-space:nowrap\"><b>Code</b></td><td><b>Display</b></td></tr><tr><td><a href=\"http://snomed.info/id/386053000\">386053000</a></td><td>Evaluation procedure (procedure)</td></tr><tr><td><a href=\"http://snomed.info/id/410606002\">410606002</a></td><td>Social service procedure (procedure)</td></tr></table></li><li>Import all the codes that are contained in <a href=\"http://hl7.org/fhir/R4/valueset-servicerequest-category.html\">Service Request Category Codes</a></li></ul></div>"},"extension":[{"url":"http://hl7.org/fhir/StructureDefinition/structuredefinition-wg","valueCode":"cgp"},{"url":"http://hl7.org/fhir/StructureDefinition/structuredefinition-standards-status","valueCode":"trial-use","_valueCode":{"extension":[{"url":"http://hl7.org/fhir/StructureDefinition/structuredefinition-conformance-derivedFrom","valueCanonical":"http://hl7.org/fhir/us/core/ImplementationGuide/hl7.fhir.us.core"}]}}],"url":"http://hl7.org/fhir/us/core/ValueSet/us-core-servicerequest-category","identifier":[{"system":"urn:ietf:rfc:3986","value":"urn:oid:2.16.840.1.113883.4.642.40.2.48.18"}],"version":"8.0.0","name":"USCoreServiceRequestCategoryCodes","title":"US Core ServiceRequest Category Codes","status":"active","experimental":false,"date":"2022-09-29","publisher":"HL7 International / Cross-Group Projects","contact":[{"name":"HL7 International / Cross-Group Projects","telecom":[{"system":"url","value":"http://www.hl7.org/Special/committees/cgp"},{"system":"email","value":"cgp@lists.HL7.org"}]}],"description":"A set of SNOMED CT and LOINC concepts to classify a requested service","jurisdiction":[{"coding":[{"system":"urn:iso:std:iso:3166","code":"US"}]}],"copyright":"- This value set includes content from SNOMED CT, which is copyright © 2002+ International Health Terminology Standards Development Organisation (IHTSDO), and distributed by agreement between IHTSDO and HL7. Implementer use of SNOMED CT is not covered by this agreement.\n- This material contains content from LOINC (http://loinc.org). LOINC is copyright © 1995-2020, Regenstrief Institute, Inc. and the Logical Observation Identifiers Names and Codes (LOINC) Committee and is available at no cost under the license at http://loinc.org/license. LOINC® is a registered United States trademark of Regenstrief Institute, Inc\"/>","compose":{"include":[{"system":"http://hl7.org/fhir/us/core/CodeSystem/us-core-category"},{"system":"http://snomed.info/sct","concept":[{"code":"386053000","display":"Evaluation procedure (procedure)"},{"code":"410606002","display":"Social service procedure (procedure)"}]},{"valueSet":["http://hl7.org/fhir/ValueSet/servicerequest-category"]}]}}